{
    "Meta": {
        "N_Noise": 3,
        "sigma": 0.01
    },
    "Harmonics": {
        "sinCoeffsLeft": [
            [
                0.0004727535280914364,
                7.354398469272845e-05,
                0.00010531550907230004,
                0.0003880140820978503,
                -8.819293043751643e-05,
                3.7796227059292025e-05,
                -0.0006119135054445824,
                0.00025616397202012135,
                2.3801566543860678e-05,
                0.0003723714699771929,
                0.0002543496356052543,
                0.0003507801742881069,
                -0.00015400302682604903,
                -0.00020666134844200804,
                -7.012803104242178e-06
            ],
            [
                0.0009284220752876442,
                -0.0005085573172499676,
                5.004897878111318e-07,
                -0.0002775417912790749,
                0.0002107436035743836,
                0.00029244122677269893,
                9.752478813303745e-05,
                -0.000548876232898779,
                0.00021114366379461761,
                -0.00011784517057552637,
                -0.00037690560673860963,
                0.0002559404646731507,
                0.0005762664699851752,
                -0.00021920276459722206,
                -0.00024685690336313733
            ],
            [
                0.0001327561223525234,
                -0.0007400734154676261,
                0.00063094680321064,
                0.0004479253192509159,
                -3.6840501080441665e-05,
                -0.00021433035194642943,
                -0.00020433740135233214,
                0.0008195585298815253,
                0.0003216962075177117,
                0.00038461694904160627,
                9.581149261293755e-06,
                0.00028934019031063744,
                -5.244773360155852e-05,
                -7.017659560108591e-05,
                0.00039731634542922037
            ]
        ],
        "cosCoeffsLeft": [
            [
                -0.00018951957664719294,
                -0.0009208561840164984,
                -0.0006773631572927741,
                0.0005987465174341325,
                0.0004589890508752772,
                0.0004080905714849865,
                4.7433770030739955e-05,
                -0.00017275791879978864,
                0.0005966189255522412,
                0.00028160094615961356,
                4.189030520694708e-05,
                -0.000479717732082641,
                -0.0005476536718520926,
                0.00021539464915635624,
                0.0005864429094529014
            ],
            [
                2.9415792117585505e-05,
                2.783659119492302e-06,
                -0.0002641483061923402,
                -5.7753062679230446e-05,
                -0.00015478537386424358,
                0.0005478060019869422,
                -0.0007336508502552851,
                -0.0001286041662292992,
                -0.0005959687163870072,
                0.0003353323172797788,
                -0.0004397532815882543,
                0.000493431931831317,
                0.0003526741636587618,
                0.00046200075731826995,
                -0.0011417594378301617
            ],
            [
                -0.000334068937753566,
                0.0006708476612977243,
                -6.764768493636106e-05,
                0.0001323997090054833,
                0.00012190781303956488,
                0.0005015905880534108,
                0.000544841768387984,
                -0.00038987144570484675,
                -0.00019757386949970597,
                0.0001024673521945352,
                0.0003905348099175597,
                0.00010196794219055284,
                -7.180876831953457e-05,
                -0.00043053289629241845,
                -0.00017073536716257499
            ]
        ],
        "sinCoeffsRight": [
            [
                0.00011575502026135908,
                -0.00039593811128769377,
                0.00039101049282228554,
                -0.00014369843986120735,
                -1.1022882327866913e-06,
                -0.0004169600564546895,
                0.0005914761971514013,
                -0.00012098919392538591,
                -0.00044774380297098073,
                -0.0001104364927851844,
                -0.0009758779199594948,
                0.000859002279906658,
                0.00047214491229584165,
                0.0006241914960844569,
                -6.344452906611316e-05
            ],
            [
                0.00026369407115658065,
                -0.0001524888039101037,
                -0.00019596116559837638,
                0.00022232130523309012,
                -7.784392793112035e-06,
                -0.000500330342522211,
                0.00010081098643436745,
                0.00016649014744750393,
                0.0004476189761887375,
                -0.00046550976885999007,
                0.00019133908305010635,
                1.4616666741431522e-05,
                0.00040935837867401225,
                0.00017328070977887404,
                0.00027260861184413057
            ],
            [
                -2.71811587520097e-05,
                -0.00012717958118022685,
                5.5199704521299065e-05,
                0.00021412277951195642,
                0.0001226535172439019,
                0.00021422992077756758,
                0.00022572491584637615,
                -5.8958628071742727e-05,
                0.0008591722922139339,
                -0.00014791460774895245,
                -0.00045712801339648325,
                -0.00033557732139085023,
                -0.00041783428190651594,
                9.20231805248797e-05,
                -0.0002174082101921583
            ]
        ],
        "cosCoeffsRight": [
            [
                -0.0006305473124262088,
                0.0007535516911679006,
                7.885232563057217e-05,
                -9.993307332791633e-07,
                6.533873622783796e-05,
                0.0001449468130914369,
                -0.00035609129589176964,
                8.744611625698951e-05,
                -0.0007845681525137636,
                -0.0007354827611324537,
                0.0006281979184581129,
                -0.00019495712808509364,
                0.00021977593849886224,
                -0.00043400823801247507,
                4.372802762007598e-05
            ],
            [
                0.0002288091982622059,
                -3.419486313167233e-05,
                -0.0003851579349409969,
                -0.0003190277934842312,
                -0.0001289480775254017,
                3.973874367598941e-05,
                0.00045470241509355856,
                0.00038044649397902104,
                -0.00012806336431046367,
                0.0002241341448152607,
                0.0005703785218573323,
                0.00011337963664410983,
                0.0001272700537811226,
                0.0001456780609566612,
                0.00017420692028790038
            ],
            [
                -0.00027572079880961646,
                0.00046600036695633364,
                0.0001656196263038118,
                -0.000514752075807419,
                -1.4987121092599646e-05,
                -0.0004683594783075072,
                -0.0008050960840213919,
                0.00011903650192007462,
                0.0003727679879911086,
                -0.00034976171015552746,
                -0.0002619495622085972,
                -0.0008346727913156886,
                -0.00013342681990333166,
                -0.00018315088221135465,
                0.0001514583993325898
            ]
        ]
    }
}