{
    "Meta": {
        "N_perturb": 3,
        "sigma": 0.05
    },
    "Harmonics": {
        "sinCoefficientsLeft": [
            [
                -0.005404441941345428,
                -0.0002211665187994466,
                -0.019264805689846603,
                0.009771716370738105,
                0.003756251938351293,
                -0.009330552440126297,
                -0.0017572368440398952,
                0.009042852361958526,
                0.006429454861886067,
                0.005321797777414738,
                0.0052182770100430405,
                0.0023092115372375667,
                0.003864945721789247,
                0.0012130214095580428,
                0.0031134355732768426
            ],
            [
                0.0067568138615973165,
                -0.00393181325422492,
                -0.004507055404447391,
                -0.003803427285289104,
                0.00041683204446098503,
                -0.0021139181717097512,
                -0.007923458133503291,
                -0.0030043192958776905,
                0.001054756722513728,
                0.002106326580617151,
                -0.009749189149287813,
                -0.0039103890634217785,
                -0.003070551229394276,
                -0.0008316602124964608,
                -0.009764239990902993
            ],
            [
                -0.001683906857937614,
                -0.005545978327924223,
                0.0006197162257139934,
                -0.006085046242653784,
                -0.004541222647325953,
                -0.00544993029109232,
                0.003433077751038646,
                0.00824948040521951,
                -0.0029317581184137393,
                -0.0048113293993501645,
                -0.004585768068735752,
                0.001682858332405664,
                0.004596234549467626,
                0.00316807045940476,
                0.008430393315712745
            ]
        ],
        "cosCoefficientsLeft": [
            [
                0.0055968109635373626,
                -0.0029197366808119954,
                -0.008258331197037868,
                -0.010078154449461984,
                0.015773612759229595,
                -0.019313277376916876,
                -0.014293351234206659,
                -0.007953567567576222,
                -0.014134913091362299,
                -0.0037751817623356376,
                -0.0024534377305497445,
                0.0035559211502564554,
                0.0030860653795860946,
                0.0025956253090549906,
                -0.004668631414848804
            ],
            [
                0.004157001076366711,
                0.001621248927720669,
                -0.007040514401768279,
                -0.0013515453342845488,
                -0.007690275354187157,
                -0.006609948071520787,
                -0.007778606367520434,
                -0.0024797266607396256,
                0.0006397551242771465,
                -0.011876654686930695,
                0.000850003824120227,
                -0.002366661992127223,
                -0.0032804548514031332,
                0.007765419278576855,
                0.002796232899483404
            ],
            [
                0.008380611101706086,
                0.0030514564469000718,
                -0.0031079083584633948,
                -0.008757936860115903,
                0.01656720103862447,
                0.01062472172933112,
                0.008259233197425645,
                5.521794959144192e-05,
                0.005358350279276649,
                -0.008955379963552761,
                -0.0030013346678980472,
                -0.0018933539457079269,
                -0.0014294148909740688,
                0.01237287847024035,
                -0.004577955300652605
            ]
        ],
        "sinCoefficientsRight": [
            [
                -0.0073517976947737925,
                -0.0033626520075924096,
                0.0051992640994723265,
                -0.0030040070865403035,
                -0.01825476962266937,
                -0.0006946859351375481,
                -0.007804923574009396,
                -0.0010231463991562564,
                0.015769356393608557,
                0.005799535578708721,
                -0.0016624984845398853,
                0.0035530475462259756,
                0.00963315804978183,
                -0.0006873373284183073,
                0.007545469120178788
            ],
            [
                -0.015168779708669044,
                -0.009377859960610808,
                -0.001781402797807262,
                -0.002416412558515688,
                -0.0021755593766299625,
                0.004776311380983444,
                -0.004780762328011285,
                0.006185531073075699,
                0.0005386481550668664,
                -0.01197759854578717,
                -0.0045225190980408446,
                -0.008211802594760927,
                0.008565438429260249,
                -0.003405185786077246,
                0.005394855482253374
            ],
            [
                0.0032909318828976365,
                0.004785169491778066,
                0.0014027044747747216,
                -0.0021384233927373483,
                0.0004171340890147429,
                -0.008799211949735992,
                0.0025712282777957665,
                0.0045162133651355605,
                0.019209471103776972,
                -0.010479867175800617,
                0.013825858930339672,
                -0.0010017699797296759,
                0.014208173800941241,
                4.7364007037581966e-05,
                0.009399104603147052
            ]
        ],
        "cosCoefficientsRight": [
            [
                0.0017415729629473489,
                -0.009612922714463958,
                -0.0129252668523752,
                -0.015476457590771932,
                0.003936739619793249,
                -0.008897348426476066,
                0.00024341290203844506,
                -0.018886255432900442,
                0.00047357034310296464,
                0.005380873198896428,
                -0.003329079276925678,
                -0.008375486371768109,
                -0.005349604932465879,
                -0.013635455378787114,
                0.0052883458920008645
            ],
            [
                -0.002168398685656849,
                0.0004471036748409351,
                0.003396525694973006,
                0.0008831058607675365,
                -0.00011293365905984482,
                -0.010613755714012057,
                0.002780304090753657,
                -0.003654922712860984,
                0.005042611860646831,
                -0.004878966192520962,
                0.0031244992556845375,
                0.013461157662427746,
                0.0031729851663588227,
                -0.00402160261675275,
                -0.0030480377148432826
            ],
            [
                0.010996239877959885,
                -0.014999218057665792,
                -0.0020482033287933907,
                0.004193422405847291,
                -0.002804124694518601,
                -0.0046342916326335415,
                0.0019427548063416101,
                0.004186332070342652,
                -0.00402142731419656,
                0.0020317900779162215,
                0.012789052339182958,
                -0.007664984816423158,
                0.006677733105184054,
                0.006638235716060442,
                0.0026504762316957283
            ]
        ]
    }
}