{
    "Meta": {
        "N_Noise": 3,
        "sigma": 0.05
    },
    "Harmonics": {
        "sinCoefficientsLeft": [
            [
                -0.005541040216112,
                -0.00621122197885,
                -0.005137541510742,
                0.004622117864554,
                -0.011455772543294,
                -0.001377315572348,
                -0.008602095291308,
                0.002287337544355,
                -0.001421521594453,
                0.005406469420785,
                0.010068129346141,
                0.008397148087123,
                0.009706415000555,
                0.008718263955487,
                0.012110526053906
            ],
            [
                -0.005920365678333,
                0.000582358726363,
                0.01710320602623,
                -0.003039815601579,
                0.003895839467286,
                -0.00129470113211,
                -0.015983483657833,
                0.012871427894004,
                0.001444536394919,
                0.002067731278817,
                -0.002960469096649,
                -0.001131906650801,
                0.003131111729958,
                0.007054938425643,
                -0.00654141313641
            ],
            [
                0.006183277187982,
                0.004713676273584,
                -0.007442354142038,
                -0.003438358085627,
                -0.009193486070558,
                0.00914016975604,
                0.005952798768717,
                0.011853079157965,
                -0.011171801694053,
                0.004494984531488,
                0.004245382924275,
                -0.002555497368516,
                -0.010747069738322,
                -0.008849831368332,
                0.001548407546418
            ]
        ],
        "cosCoefficientsLeft": [
            [
                0.005302176739326,
                -0.011336046170392,
                -0.003994406959978,
                -0.003111987989929,
                -0.004965990812625,
                -0.01395882016398,
                -0.000616355022515,
                -0.00856598869384,
                0.00359799258103,
                -0.00047890333068,
                -0.007598730146008,
                0.005748036634318,
                0.006264239994145,
                -0.002509822726351,
                0.004207705874264
            ],
            [
                0.00596726940022,
                -0.005573640065329,
                6.6864323468e-05,
                -0.003019055966909,
                0.000573921223497,
                0.00877513618865,
                -0.008957731533788,
                0.006872223029119,
                -0.001719348802392,
                0.005702393382954,
                0.002424294517748,
                0.005790377780017,
                -0.003676844507064,
                0.00492118453175,
                -0.003461477760903
            ],
            [
                -0.000105422035991,
                0.014982753059838,
                0.00988519319876,
                -0.009978465119,
                -0.005134586876914,
                -0.009430583183936,
                0.00660237267945,
                -0.007549035139266,
                -0.015605661859665,
                -0.000486038791782,
                0.004373378490787,
                -0.008127871767752,
                -0.010805217346166,
                0.002323057151002,
                -0.010432005806677
            ]
        ],
        "sinCoefficientsRight": [
            [
                0.000398584956651,
                -0.008262272794184,
                -0.008443279787729,
                0.0152044641082,
                -0.001143913351224,
                0.012763185159124,
                0.01460128277635,
                -0.004307411914298,
                0.012316466737188,
                0.004653041898918,
                -0.000262731722502,
                -0.007929233172888,
                0.002719441174141,
                -0.011818571421058,
                -0.003200232002935
            ],
            [
                0.004959263044644,
                0.007722503136368,
                0.005283883221784,
                -0.000774878768791,
                0.00054551658068,
                -0.014883486488948,
                0.001226592067063,
                0.006222063900393,
                -0.003986466861941,
                0.001492395377107,
                -0.007577004568802,
                0.006866031973645,
                0.001033335759705,
                0.004479985019143,
                0.002852716798658
            ],
            [
                0.000112147728993,
                -0.004593360576314,
                0.016985171040344,
                0.006493195047666,
                0.01068842728752,
                -0.009837667073216,
                -0.009335638208723,
                -0.005678523061768,
                0.001863503216918,
                -0.005282920481154,
                -4.8978312548e-05,
                -0.010534699584023,
                4.1112657655e-05,
                -0.003612348494561,
                0.006218460611983
            ]
        ],
        "cosCoefficientsRight": [
            [
                -0.001166670070952,
                0.000923837202387,
                0.007780918342187,
                -0.009448012382363,
                0.011270543323964,
                -0.006110814747681,
                -0.003410144103947,
                0.001642679168936,
                -0.001146241342694,
                -0.00460169215303,
                -0.00133654391486,
                -0.008830296770658,
                0.007731785242543,
                -0.004271348314604,
                0.001331200706005
            ],
            [
                -0.004627569467826,
                -0.016985530766702,
                -0.002582295608975,
                -0.007079752961541,
                0.00451158484792,
                -0.000331841560693,
                6.477659608e-05,
                0.004456225367219,
                0.00542754964615,
                0.006041601014836,
                -0.00459485617127,
                -0.002889302615733,
                0.006789586756098,
                -0.003425080209928,
                -0.00875799144439
            ],
            [
                0.006129142039342,
                0.016099734073211,
                0.007670503059618,
                0.006277807310676,
                0.002771562888487,
                0.008163397357747,
                -0.007705970847146,
                0.001008007184451,
                0.003591741398356,
                -0.001204212364908,
                -0.002087726864566,
                -0.001909441051143,
                -0.002325535863802,
                0.006840112343394,
                0.002880342574003
            ]
        ]
    }
}