{
	"Basic":
	{
		"eta":          1.0,
		"theta":       [9.0, "deg"],
		"Delta m^2_0": [2.43e-3, "eV^2"],
		"E_0":         [10.0, "MeV"],
		"chi":         [15.00, "deg"]
	},
	"V-A & NSSI & MSW & AMM":
	{
		"g_{-}":   0.0,
		"g_{+}":   1.0,
		"n_e":    [0.0, "cm^-3"],
		"n_n":    [0.0, "cm^-3"],
		"n_Nu":   [5.290e28, "cm^-3"],
		"mu_Nu":  [0.0, "muB"],
		"Beff":   [0.0,  "G"]
	},
	"Initial Mixes":
	{
		"InitialProbsLeft":  [0.5, 0.1, 0.3, 0.1],
		"InitialProbsRight": [0.5, 0.1, 0.3, 0.1],
		"MagneticEps": 0.0
	},
	"Profile":
	{
		"toggle": false,
		"z_0": [100.00, "km"]
	},
	"Scheme":
	{
		"N_z":  1000,
		"Z":   [20.0, "km"],
		"N_x":  500,
		"X":   [10.0, "km"],
		"PressFlag": false,
		"xDerivativeOrder": 4,
		"su4NormaliseFlag": true,
		"su4NormalisePeriod": 1,
		"WhichNorms": true,
		"RegEigenvaluesFlag": true,
		"RegEigenvaluesPeriod": 5
	},
	"Old Fashioned Noise":
	{
		"lumPerturbations": false,
        "N_lum": 4,
        "lumSinLeft": [
            -0.0007888358611412918,
            0.002821933717173431,
            -0.0025847773436419863,
            -0.001807725460517667
        ],
        "lumCosLeft": [
            0.002099594920686408,
            -0.0038057441853018466,
            0.0012053078226613799,
            0.0017109860633314688
        ],
        "lumSinRight": [
            -0.0007888358611412918,
            0.002821933717173431,
            -0.0025847773436419863,
            -0.001807725460517667
        ],
        "lumCosRight": [
            0.002099594920686408,
            -0.0038057441853018466,
            0.0012053078226613799,
            0.0017109860633314688
        ]
    }
}