{
    "Meta": {
        "N_Noise": 5,
        "sigma": 0.01
    },
    "Harmonics": {
        "sinCoeffsLeft": [
            [
                4.471850519337494e-05,
                -0.00012182564875679199,
                0.0002919196226029677,
                -1.500661721143097e-05,
                0.0001898969749099387,
                -0.00042536940929814994,
                -0.00016077810478402584,
                0.00014564223049399656,
                -5.2221793712943196e-05,
                2.3471980773470948e-05,
                2.929494295782882e-05,
                -6.720600062716138e-06,
                0.00012033038824205933,
                0.0001279594612816235,
                -0.0003612303476290956
            ],
            [
                -0.00014342498132658254,
                -4.437114662174481e-05,
                0.00017212748722010646,
                -4.683617661952057e-05,
                -0.0002544780993402992,
                0.00017178235130163464,
                -6.352176675896874e-05,
                -0.0002764325792552664,
                -0.00023317547366182733,
                -0.0004955998988610317,
                0.00022586659904585147,
                -0.00021932815736004567,
                -0.000241517554670634,
                -0.0004302858280796298,
                -0.00014125218219371644
            ],
            [
                -0.00018327831660121732,
                -0.0001016555657756673,
                0.0007120418920945206,
                -0.0001363371120737925,
                2.9695595625715832e-05,
                6.629875615826745e-05,
                -0.00011040085357903214,
                -5.873660898438901e-05,
                0.00012260964317424979,
                -0.0002682645148382565,
                0.00040645316487427036,
                -0.00024963397195860185,
                -0.00041127588380447774,
                -7.76400108404195e-06,
                0.00023829828087562963
            ],
            [
                -0.0005824947910885272,
                -2.223392386028953e-05,
                0.00042021230664474523,
                9.932954344939747e-05,
                -0.00018710938733128605,
                0.00022549647363360401,
                -0.00019579854678888306,
                0.000480941896203488,
                -0.0002267487752979804,
                -0.0001866004350376942,
                -0.0006272848568821355,
                -0.0004005995301971497,
                0.00012670147135786884,
                -0.0001395094826303627,
                0.00016948560414231718
            ],
            [
                0.00020472497360065066,
                -0.0003669638752573056,
                0.00028470029017654174,
                0.0002545287103856487,
                -5.944963032675608e-05,
                -0.00013297023550545324,
                -0.0005048254208602318,
                0.00017500787081192916,
                -0.00013364335751835826,
                0.0003176148300763915,
                -0.0002864579798632388,
                -0.00022852691505124086,
                -2.063996758179352e-05,
                -3.2327168217114145e-05,
                -3.7496582977912176e-05
            ]
        ],
        "cosCoeffsLeft": [
            [
                0.0005132577280195704,
                0.00018945944882524604,
                0.00025408113066413947,
                -0.0002941178621412628,
                0.00037599028400106625,
                -1.896014819033724e-05,
                0.00019758379983996516,
                0.000350605177655603,
                -7.366880770806039e-05,
                0.0003717178145723363,
                0.00015020693493610803,
                -0.00025198840257629855,
                -0.0009654561532689715,
                0.00010713824823802969,
                -7.622651115842231e-05
            ],
            [
                -0.00020628366544684233,
                -8.445882233015453e-05,
                0.0001602198952375258,
                -0.00033686282974270787,
                -0.00017482105126252862,
                -0.00011518356651340118,
                -0.00032035965146642387,
                -1.0170525885841673e-05,
                6.635334995650725e-05,
                2.1211118445991632e-05,
                -0.0004692222006806258,
                -0.00015574762666976575,
                -0.00013682219004588432,
                -0.0002445192536809456,
                -0.00021462375092647508
            ],
            [
                0.00023845674330440374,
                -0.0002703173849529923,
                -0.0002118853648712241,
                0.0004536526873210448,
                -2.200432099070303e-05,
                0.00027335990175632595,
                0.0002816501990026617,
                0.00021001457984779002,
                -6.242366616756928e-05,
                -0.00024807459125337393,
                -0.00022744361626924367,
                0.00039332661890330485,
                -0.00010907518781023229,
                -0.0001381319525868748,
                6.491018488162779e-06
            ],
            [
                0.00023372070138993174,
                0.0005595696929670714,
                0.0002094324834010741,
                0.00032617359522112946,
                0.0003517767792046789,
                -0.0002028028133778419,
                0.00025335251036454987,
                -4.426700317701732e-05,
                0.00023539809471539522,
                -0.00015134449580350712,
                -7.973563924465517e-05,
                -9.803613067769918e-05,
                0.00025059187713989304,
                -0.00022533395385937368,
                1.03303855939121e-05
            ],
            [
                0.0002437949535717242,
                -0.00044619665970981347,
                0.00017334646362502837,
                -3.562249225019851e-05,
                0.0001676661698577262,
                -2.898786441250715e-05,
                0.0007285029264321886,
                -0.00019605191011035964,
                0.00016034426705260207,
                -0.0002046442869628953,
                0.0002882960014821335,
                3.225291601762577e-05,
                -4.741866567571969e-05,
                0.00017362694544133836,
                -0.00024374932183233617
            ]
        ],